[
  null,
  {
    "id": 1,
    "expanded": true,
    "name": "Harvey's Booth",
    "order": 1,
    "parentId": 0,
    "scrollX": 819,
    "scrollY": 457
  },
  {
    "id": 2,
    "expanded": false,
    "name": "Intro",
    "order": 2,
    "parentId": 0,
    "scrollX": 819,
    "scrollY": 457
  },
  {
    "id": 3,
    "expanded": false,
    "name": "Good Ending",
    "order": 3,
    "parentId": 0,
    "scrollX": 819,
    "scrollY": 457
  },
  {
    "id": 4,
    "expanded": false,
    "name": "Neutral Ending",
    "order": 4,
    "parentId": 0,
    "scrollX": 1092,
    "scrollY": 609.3333333333334
  },
  {
    "id": 5,
    "expanded": false,
    "name": "Bad Ending",
    "order": 5,
    "parentId": 0,
    "scrollX": 832,
    "scrollY": 640
  },
  {
    "id": 6,
    "expanded": false,
    "name": "Credits",
    "order": 6,
    "parentId": 0,
    "scrollX": 819,
    "scrollY": 457
  }
]